<?xml version="1.0" encoding="UTF-8"?>
<problem xmlns="http://www.w3schools.com"
     xmlns:xsi="http://www.w3.org/2001/XMLSchema-instance" xsi:schemaLocation="http://www.w3schools.com vrp_xml_schema.xsd">
     <problemType>
          <fleetSize>INFINITE</fleetSize>
     </problemType>
     <vehicles>
          <vehicle>
               <id>vehicle</id>
               <typeId>vehicleType</typeId>
               <startLocation>
                    <id>[x=86.0][y=22.0]</id>
                    <coord x="86.0" y="22.0"/>
               </startLocation>
               <endLocation>
                    <id>[x=86.0][y=22.0]</id>
                    <coord x="86.0" y="22.0"/>
               </endLocation>
               <timeSchedule>
                    <start>0.0</start>
                    <end>1.7976931348623157E308</end>
               </timeSchedule>
               <returnToDepot>true</returnToDepot>
          </vehicle>
     </vehicles>
     <vehicleTypes>
          <type>
               <id>vehicleType</id>
               <capacity-dimensions>
                    <dimension index="0">10</dimension>
               </capacity-dimensions>
               <costs>
                    <fixed>0.0</fixed>
                    <distance>1.0</distance>
                    <time>0.0</time>
                    <service>0.0</service>
                    <wait>0.0</wait>
               </costs>
          </type>
     </vehicleTypes>
     <services>
          <service id="1" type="service">
               <location>
                    <id>[x=29.0][y=17.0]</id>
                    <coord x="29.0" y="17.0"/>
               </location>
               <capacity-dimensions>
                    <dimension index="0">1</dimension>
               </capacity-dimensions>
               <duration>0.0</duration>
               <timeWindows>
                    <timeWindow>
                         <start>0.0</start>
                         <end>1.7976931348623157E308</end>
                    </timeWindow>
               </timeWindows>
          </service>
          <service id="2" type="service">
               <location>
                    <id>[x=4.0][y=50.0]</id>
                    <coord x="4.0" y="50.0"/>
               </location>
               <capacity-dimensions>
                    <dimension index="0">8</dimension>
               </capacity-dimensions>
               <duration>0.0</duration>
               <timeWindows>
                    <timeWindow>
                         <start>0.0</start>
                         <end>1.7976931348623157E308</end>
                    </timeWindow>
               </timeWindows>
          </service>
          <service id="3" type="service">
               <location>
                    <id>[x=25.0][y=13.0]</id>
                    <coord x="25.0" y="13.0"/>
               </location>
               <capacity-dimensions>
                    <dimension index="0">6</dimension>
               </capacity-dimensions>
               <duration>0.0</duration>
               <timeWindows>
                    <timeWindow>
                         <start>0.0</start>
                         <end>1.7976931348623157E308</end>
                    </timeWindow>
               </timeWindows>
          </service>
          <service id="4" type="service">
               <location>
                    <id>[x=67.0][y=37.0]</id>
                    <coord x="67.0" y="37.0"/>
               </location>
               <capacity-dimensions>
                    <dimension index="0">5</dimension>
               </capacity-dimensions>
               <duration>0.0</duration>
               <timeWindows>
                    <timeWindow>
                         <start>0.0</start>
                         <end>1.7976931348623157E308</end>
                    </timeWindow>
               </timeWindows>
          </service>
     </services>
     <solutions>
          <solution>
               <cost>346.24839821816084</cost>
               <routes>
                    <route>
                         <driverId>noDriver</driverId>
                         <vehicleId>vehicle</vehicleId>
                         <start>0.0</start>
                         <act type="service">
                              <serviceId>1</serviceId>
                              <arrTime>57.21887800367987</arrTime>
                              <endTime>57.21887800367987</endTime>
                         </act>
                         <act type="service">
                              <serviceId>3</serviceId>
                              <arrTime>62.87573225317225</arrTime>
                              <endTime>62.87573225317225</endTime>
                         </act>
                         <end>124.53609229104424</end>
                    </route>
                    <route>
                         <driverId>noDriver</driverId>
                         <vehicleId>vehicle</vehicleId>
                         <start>0.0</start>
                         <act type="service">
                              <serviceId>2</serviceId>
                              <arrTime>86.64871608973787</arrTime>
                              <endTime>86.64871608973787</endTime>
                         </act>
                         <end>173.29743217947575</end>
                    </route>
                    <route>
                         <driverId>noDriver</driverId>
                         <vehicleId>vehicle</vehicleId>
                         <start>0.0</start>
                         <act type="service">
                              <serviceId>4</serviceId>
                              <arrTime>24.20743687382041</arrTime>
                              <endTime>24.20743687382041</endTime>
                         </act>
                         <end>48.41487374764082</end>
                    </route>
               </routes>
          </solution>
          <solution>
               <cost>346.2483982181608</cost>
               <routes>
                    <route>
                         <driverId>noDriver</driverId>
                         <vehicleId>vehicle</vehicleId>
                         <start>0.0</start>
                         <act type="service">
                              <serviceId>4</serviceId>
                              <arrTime>24.20743687382041</arrTime>
                              <endTime>24.20743687382041</endTime>
                         </act>
                         <end>48.41487374764082</end>
                    </route>
                    <route>
                         <driverId>noDriver</driverId>
                         <vehicleId>vehicle</vehicleId>
                         <start>0.0</start>
                         <act type="service">
                              <serviceId>2</serviceId>
                              <arrTime>86.64871608973787</arrTime>
                              <endTime>86.64871608973787</endTime>
                         </act>
                         <end>173.29743217947575</end>
                    </route>
                    <route>
                         <driverId>noDriver</driverId>
                         <vehicleId>vehicle</vehicleId>
                         <start>0.0</start>
                         <act type="service">
                              <serviceId>3</serviceId>
                              <arrTime>61.66036003787198</arrTime>
                              <endTime>61.66036003787198</endTime>
                         </act>
                         <act type="service">
                              <serviceId>1</serviceId>
                              <arrTime>67.31721428736437</arrTime>
                              <endTime>67.31721428736437</endTime>
                         </act>
                         <end>124.53609229104424</end>
                    </route>
               </routes>
          </solution>
     </solutions>
</problem>
