<?xml version="1.0" encoding="UTF-8"?>
<project-private xmlns="http://www.netbeans.org/ns/project-private/1">
    <editor-bookmarks xmlns="http://www.netbeans.org/ns/editor-bookmarks/2" lastBookmarkId="0"/>
    <open-files xmlns="http://www.netbeans.org/ns/projectui-open-files/2">
        <group>
            <file>file:/C:/Users/User/Documents/NetBeansProjects/JavaApplication115/src/resources/resources/icons/GPS%20background.png</file>
            <file>file:/C:/Users/User/Documents/NetBeansProjects/JavaApplication115/src/JavaFXApplication1/FXMLController.java</file>
            <file>file:/C:/Users/User/Documents/NetBeansProjects/JavaApplication115/src/javaapplication115/Arrow.java</file>
            <file>file:/C:/Users/User/Documents/NetBeansProjects/JavaApplication115/src/javaapplication115/MCTs.java</file>
            <file>file:/C:/Users/User/Documents/NetBeansProjects/JavaApplication115/src/javaapplication115/FXML.fxml</file>
            <file>file:/C:/Users/User/Documents/NetBeansProjects/JavaApplication115/src/javaapplication115/MCTSDataFiltering.java</file>
            <file>file:/C:/Users/User/Documents/NetBeansProjects/JavaApplication115/src/javaapplication115/NewFXMain.java</file>
            <file>file:/C:/Users/User/Documents/NetBeansProjects/JavaApplication115/src/JavaFXApplication1/JavaFXApplication.java</file>
            <file>file:/C:/Users/User/Documents/NetBeansProjects/JavaApplication115/src/javaapplication115/Linzanmainmethod.java</file>
            <file>file:/C:/Users/User/Documents/NetBeansProjects/JavaApplication115/src/resources/resources/icons/FXML.fxml</file>
            <file>file:/C:/Users/User/Documents/NetBeansProjects/JavaApplication115/src/javaapplication115/Always_on_timev6.java</file>
            <file>file:/C:/Users/User/Documents/NetBeansProjects/JavaApplication115/src/javaapplication115/FXMLController.java</file>
            <file>file:/C:/Users/User/Documents/NetBeansProjects/JavaApplication115/src/javaapplication115/MCTSCustomer.java</file>
        </group>
    </open-files>
</project-private>
